model,f1,balanced_accuracy_score,average_precision_score,average_recall_score
SVC,0.3307271310239061,0.37269773513359117,0.4521372854010715,0.37326155226558994
KNClassifier,0.33064898409926746,0.35532386674910366,0.4326148792677892,0.3564378645132346
RandomForst,0.33510388946538083,0.37455902064441043,0.4458694512242326,0.3752803947958726
