model,f1,balanced_accuracy_score,average_precision_score,average_recall_score
SVC,0.7225909223104102,0.7286649460223636,0.7363799109804713,0.7292507851054284
KNClassifier,0.6909284518814621,0.7076640624407686,0.7393725811865153,0.7065948855989233
RandomForst,0.7419990641647453,0.7471097257547673,0.7584486748591144,0.7460744728577837
